{"cameraMode":{"drawMode":0,"name":"Shaded","section":"Shading Mode"},"sceneLighting":true,"audioPlay":false,"sceneViewState":{"m_AlwaysRefresh":false,"showFog":true,"showSkybox":true,"showFlares":true,"showImageEffects":true,"showParticleSystems":true,"showVisualEffectGraphs":true,"m_FxEnabled":true},"in2DMode":false,"pivot":{"x":9.882593154907227,"y":-0.9080262184143066,"z":16.028671264648439},"rotation":{"x":-0.08258415758609772,"y":-0.2666267454624176,"z":0.02292008325457573,"w":-0.9600145220756531},"size":11.690380096435547,"orthographic":false}