{"cameraMode":{"drawMode":0,"name":"Shaded","section":"Shading Mode"},"sceneLighting":true,"audioPlay":false,"sceneViewState":{"m_AlwaysRefresh":false,"showFog":true,"showSkybox":true,"showFlares":true,"showImageEffects":true,"showParticleSystems":true,"showVisualEffectGraphs":true,"m_FxEnabled":true},"in2DMode":false,"pivot":{"x":11.848478317260743,"y":-4.379526138305664,"z":18.344289779663087},"rotation":{"x":-0.10518879443407059,"y":-0.2788987159729004,"z":0.03074302151799202,"w":-0.9540572762489319},"size":11.690380096435547,"orthographic":false}