{"cameraMode":{"drawMode":0,"name":"Shaded","section":"Shading Mode"},"sceneLighting":true,"audioPlay":false,"sceneViewState":{"m_AlwaysRefresh":false,"showFog":true,"showSkybox":true,"showFlares":true,"showImageEffects":true,"showParticleSystems":true,"showVisualEffectGraphs":true,"m_FxEnabled":true},"in2DMode":false,"pivot":{"x":9.988673210144043,"y":-4.449945449829102,"z":18.909324645996095},"rotation":{"x":-0.11092957854270935,"y":-0.23123198747634889,"z":0.026545614004135133,"w":-0.9661908149719238},"size":11.690380096435547,"orthographic":false}